param_regressor__max_depth,param_regressor__min_samples_leaf,param_regressor__min_samples_split,Mean CV MAE,Std CV MAE,Mean Train MAE,rank_test_score
,1,2,503281.1905940593,46469.917775988986,178.21782178217822,1
20,1,2,512558.52572607266,58450.737416723794,971.7286386138612,2
15,1,2,539582.1206801021,46305.63703213407,27788.687294980737,3
12,1,2,574652.5760645375,56879.85130707466,111127.65746020358,4
20,1,4,574706.4594719473,65069.72214242136,96497.26452970298,5
15,1,4,578303.5616867028,56861.04988027303,113190.04830983223,6
,1,5,582329.8691831683,42058.18742682808,151000.04059405942,7
,1,4,584948.35,65343.83638197702,96126.2375,8
15,1,5,589948.8016639147,48840.52479825069,163952.8986604923,9
20,1,5,599608.6472194719,57796.33661977504,151173.25403052807,10
12,1,4,607506.9870617086,58340.906610169375,175350.0998694445,11
12,1,5,624032.2046359661,54722.94279496238,216597.1292217547,12
10,1,2,635459.409833593,85135.22616725345,239313.8688861428,13
15,1,8,653985.5753748216,67669.29396583185,270581.8019437313,14
,2,2,655656.8558168316,19026.665810753224,215798.6383044555,15
,2,4,655656.8558168316,19026.665810753224,215798.6383044555,15
20,2,2,655727.275990099,19294.07349002057,215859.13726278878,17
20,2,4,655727.275990099,19294.07349002057,215859.13726278878,17
20,2,5,656194.0202557755,36385.4697866073,241395.21281971945,19
,2,5,656844.9698432343,36655.78104078156,241214.8706889439,20
,1,8,659210.0752227723,63986.11195598849,263798.9473962754,21
20,1,8,659484.0844801981,63702.282947410524,263899.212378595,22
10,1,4,661125.7434615986,52773.851525904174,283751.8220627104,23
15,2,5,664849.0669608634,29169.195490367267,248768.80475064454,24
15,2,4,667248.6581324806,33957.649233919656,224277.0361862881,25
15,2,2,667248.6581324806,33957.649233919656,224277.0361862881,25
9,1,2,677088.8641945397,84412.2996233707,330171.0279734112,27
12,1,8,678148.5889040001,71146.7546792576,305872.43157854397,28
12,2,2,681136.795032772,34086.17214227328,267433.1705055416,29
12,2,4,681136.795032772,34086.17214227328,267433.1705055416,29
10,1,5,681571.3191872783,59389.94858664614,315719.3124092451,31
,2,8,686446.4456954268,52697.42475129434,321235.0061509901,32
20,2,8,687321.19812942,52390.48130957245,321341.2354723598,33
12,2,5,688070.9898657395,32381.524000300273,287236.0161119772,34
15,3,5,692024.2361110284,34267.22922419241,357266.7767163319,35
15,3,2,692024.2361110284,34267.22922419241,357266.7767163319,35
15,3,4,692024.2361110284,34267.22922419241,357266.7767163319,35
15,2,8,692119.7338078695,55644.16579664568,326077.7240858638,38
,1,10,694788.4434209492,52164.401532576725,344690.6148370462,39
20,1,10,695580.7426893761,51019.26726005742,344704.1186681793,40
20,3,2,696618.8785066006,42497.58187651125,354053.1465264026,41
20,3,4,696618.8785066006,42497.58187651125,354053.1465264026,41
,3,5,696618.8785066006,42497.58187651125,354053.1465264026,41
,3,4,696618.8785066006,42497.58187651125,354053.1465264026,41
,3,2,696618.8785066006,42497.58187651125,354053.1465264026,41
20,3,5,696618.8785066006,42497.58187651125,354053.1465264026,41
15,1,10,699627.632776401,54907.667951375974,349833.0085895745,47
12,1,10,707269.6244271932,59971.59542742876,378593.15320297435,48
12,2,8,709103.1894284458,69347.98301369208,354102.3792307891,49
12,3,2,709467.9983177477,51583.91049904671,379259.90131724364,50
12,3,4,709467.9983177477,51583.91049904671,379259.90131724364,50
12,3,5,709467.9983177477,51583.91049904671,379259.90131724364,50
,2,10,711079.6272994264,57034.46514447584,383015.7436101289,53
20,2,10,711079.6272994264,57034.46514447584,383015.7436101289,53
20,3,8,711269.5742279586,56814.86113321999,372957.2944253889,55
,3,8,711269.5742279586,56814.86113321999,372957.2944253889,55
15,2,10,711909.9017685406,55812.5029792402,386843.57367165276,57
15,3,8,715939.2290860402,56540.80070764306,375646.4255052287,58
10,1,8,717611.3241310942,70580.41915398573,381025.0515423192,59
12,3,8,720784.8654558902,56598.01279337881,395047.4374440707,60
9,1,5,720887.2976147222,63993.74751534312,393994.06704106793,61
9,1,4,724405.6250726823,65614.09209710863,366912.2820988237,62
12,2,10,728960.0820620821,58710.742764986084,410263.2437279799,63
10,2,4,729600.2820605732,45984.33743939927,359771.5535599385,64
10,2,2,729600.2820605732,45984.33743939927,359771.5535599385,64
10,2,5,730886.446662418,42599.64130056682,374391.29310201766,66
20,3,10,731974.0095322568,60864.258056553335,421998.30794849125,67
,3,10,731974.0095322568,60864.258056553335,421998.30794849125,67
8,1,2,733321.2668895939,79679.9934024302,434445.573975667,69
15,3,10,733410.8921131107,61486.42621716758,424423.39818674687,70
12,3,10,738770.224929016,65023.37903710159,440528.735267228,71
10,3,5,744667.4875380691,43900.71460263148,441113.3608525973,72
10,3,2,744667.4875380691,43900.71460263148,441113.3608525973,72
10,3,4,744667.4875380691,43900.71460263148,441113.3608525973,72
10,1,10,747397.7882115201,57670.48945191757,442260.9844184193,75
10,2,8,747408.7890447455,65276.54428136401,421650.5413392878,76
9,1,8,756213.2714151904,73686.14560556665,448229.271851299,77
15,2,15,764321.6892083876,58871.41812791364,484923.50697837974,78
20,2,15,764701.9585789182,57748.669398281796,482927.4902037141,79
,2,15,764701.9585789182,57748.669398281796,482927.4902037141,79
10,2,10,765116.6833571314,64672.59622604309,467943.21119352325,81
10,3,8,768146.0486865054,73044.61983742625,451387.9311732009,82
8,1,5,768914.8381399752,86148.7259632114,485344.8092479442,83
,1,15,770229.5908574236,36574.23990227167,466320.3341357199,84
20,1,15,770229.5908574236,36574.23990227167,466320.3341357199,84
8,1,4,772083.6507637376,89475.45072659064,462172.8840416735,86
9,2,4,773256.441550103,32846.5476966398,432463.26363097643,87
9,2,2,773256.441550103,32846.5476966398,432463.26363097643,87
20,3,15,773456.3347849881,50754.289938889575,514864.961908263,89
,3,15,773456.3347849881,50754.289938889575,514864.961908263,89
12,2,15,773562.4759665591,59927.39713344074,497479.35086066026,91
15,3,15,773876.614385915,49986.91663193614,516025.23841353256,92
10,3,10,774773.1005647468,69376.16568279534,487867.1659339269,93
9,3,5,776385.6055429196,69001.07148786212,494528.72227716504,94
9,3,4,776385.6055429196,69001.07148786212,494528.72227716504,94
9,3,2,776385.6055429196,69001.07148786212,494528.72227716504,94
9,2,5,777487.5443380962,43505.213916288914,443546.67885374866,97
15,1,15,780788.1300214936,44875.40936665245,468952.65529975307,98
12,3,15,781113.0893948748,55921.08649661286,525732.429293406,99
9,3,8,787173.695040798,72120.89825606032,502328.0508898477,100
12,1,15,787531.4521202125,38116.69390304441,483084.8907000049,101
20,5,10,789282.1747622977,59393.90362527307,512873.2313384017,102
20,5,2,789282.1747622977,59393.90362527307,512873.2313384017,102
20,5,5,789282.1747622977,59393.90362527307,512873.2313384017,102
,5,10,789282.1747622977,59393.90362527307,512873.2313384017,102
,5,5,789282.1747622977,59393.90362527307,512873.2313384017,102
,5,8,789282.1747622977,59393.90362527307,512873.2313384017,102
20,5,4,789282.1747622977,59393.90362527307,512873.2313384017,102
,5,2,789282.1747622977,59393.90362527307,512873.2313384017,102
20,5,8,789282.1747622977,59393.90362527307,512873.2313384017,102
,5,4,789282.1747622977,59393.90362527307,512873.2313384017,102
9,1,10,790239.4768188009,70052.77283862798,501632.5723659933,112
15,5,2,790500.9693774467,58669.273217039234,513641.6758293547,113
15,5,8,790500.9693774467,58669.273217039234,513641.6758293547,113
15,5,4,790500.9693774467,58669.273217039234,513641.6758293547,113
15,5,10,790500.9693774467,58669.273217039234,513641.6758293547,113
15,5,5,790500.9693774467,58669.273217039234,513641.6758293547,113
12,5,2,794295.6745385777,59278.67701973153,524027.1095369228,118
12,5,4,794295.6745385777,59278.67701973153,524027.1095369228,118
12,5,5,794295.6745385777,59278.67701973153,524027.1095369228,118
12,5,8,794295.6745385777,59278.67701973153,524027.1095369228,118
12,5,10,794295.6745385777,59278.67701973153,524027.1095369228,118
9,2,8,797547.2987889175,72152.29784147261,481963.6191696374,123
9,3,10,798908.0296447584,81456.1683646892,534173.3075413879,124
9,2,10,800404.590689554,64762.071510630834,522131.8029728749,125
7,1,2,803778.4421169374,98848.96346994594,559024.9009407728,126
8,1,8,805986.2862433734,79902.79206754998,531021.8150518102,127
10,2,15,808969.9717338579,63965.90371919348,542159.9376181595,128
10,3,15,811946.0284986596,59997.402681666324,562057.259098876,129
10,5,8,819067.0752860906,67177.1925207353,553638.7636848598,130
10,5,10,819067.0752860906,67177.1925207353,553638.7636848598,130
10,5,4,819067.0752860906,67177.1925207353,553638.7636848598,130
10,5,2,819067.0752860906,67177.1925207353,553638.7636848598,130
10,5,5,819067.0752860906,67177.1925207353,553638.7636848598,130
10,1,15,819381.9666957724,42329.538505291086,531115.6229721338,135
8,2,2,825767.0698290629,54862.84464311904,517920.64967758534,136
8,2,4,825767.0698290629,54862.84464311904,517920.64967758534,136
15,5,15,826245.3743693756,60800.39005570891,577377.0375628411,138
9,3,15,827183.7816678509,73817.41380201101,597896.5879982584,139
8,2,5,829015.5859004008,47947.17238910676,527802.3322270904,140
20,5,15,829629.2087259152,68554.24633247222,576691.3119825155,141
,5,15,829629.2087259152,68554.24633247222,576691.3119825155,141
12,5,15,830071.0614244628,63207.65044821978,585078.3759033465,143
8,3,4,832958.3631301525,72148.96550624672,568219.5380235536,144
8,3,5,832958.3631301525,72148.96550624672,568219.5380235536,144
8,3,2,832958.3631301525,72148.96550624672,568219.5380235536,144
8,1,10,833237.3082317067,73667.55065754503,579041.7175329513,147
9,2,15,835416.9538978254,65490.348872398776,586063.6334117724,148
15,1,20,839455.4957961196,74363.48305199336,580216.8197469965,149
8,2,8,841177.0401059643,75671.55529633992,560946.0657537287,150
9,5,10,845020.5496201006,81653.88048303954,592666.3940412201,151
9,5,8,845020.5496201006,81653.88048303954,592666.3940412201,151
9,5,4,845020.5496201006,81653.88048303954,592666.3940412201,151
9,5,2,845020.5496201006,81653.88048303954,592666.3940412201,151
9,5,5,845020.5496201006,81653.88048303954,592666.3940412201,151
8,3,8,846721.1278401951,87268.8936573635,575391.3967340675,156
,1,20,846774.3801340874,85244.22846930382,578591.1192208441,157
20,1,20,846774.3801340874,85244.22846930382,578591.1192208441,157
10,5,15,846982.9929053772,63705.23936299894,608884.6010679059,159
8,2,10,847225.0995758411,73146.88511861926,596587.2730792828,160
8,3,10,849248.0802013061,89110.04252827162,603629.721588303,161
9,1,15,850280.2003020283,52718.49925452339,580260.9280275754,162
12,1,20,855157.0023473144,82860.63677116061,589504.0584909319,163
7,1,4,855460.7858463104,80130.55569636331,575075.4370793868,164
20,2,20,858638.1331324648,82629.40469848058,593891.1742436081,165
,2,20,858638.1331324648,82629.40469848058,593891.1742436081,165
7,1,5,859145.482497446,71491.57671705725,594899.8584077696,167
15,2,20,859752.724848245,82085.19759454754,595438.6901326155,168
20,3,20,866935.6082974735,60529.25049453886,617655.7571616077,169
,3,20,866935.6082974735,60529.25049453886,617655.7571616077,169
15,3,20,867277.7468630706,60940.48879461405,618380.430588857,171
12,2,20,867342.2153149648,78166.12454516072,604172.2744634079,172
9,5,15,871760.7092340939,80465.03696883417,638799.268737027,173
8,3,15,872068.2276059162,75077.05260185598,659370.8445279843,174
12,3,20,872942.4459046312,59951.59267206832,625747.4567916727,175
15,8,15,875637.910075906,54670.30313302989,681406.41626942,176
15,8,10,875637.910075906,54670.30313302989,681406.41626942,176
15,8,4,875637.910075906,54670.30313302989,681406.41626942,176
15,8,5,875637.910075906,54670.30313302989,681406.41626942,176
15,8,8,875637.910075906,54670.30313302989,681406.41626942,176
15,8,2,875637.910075906,54670.30313302989,681406.41626942,176
20,8,2,876025.2525601543,54186.1316226281,681486.0455152392,182
20,8,8,876025.2525601543,54186.1316226281,681486.0455152392,182
,8,2,876025.2525601543,54186.1316226281,681486.0455152392,182
,8,8,876025.2525601543,54186.1316226281,681486.0455152392,182
,8,15,876025.2525601543,54186.1316226281,681486.0455152392,182
,8,4,876025.2525601543,54186.1316226281,681486.0455152392,182
,8,5,876025.2525601543,54186.1316226281,681486.0455152392,182
20,8,4,876025.2525601543,54186.1316226281,681486.0455152392,182
20,8,10,876025.2525601543,54186.1316226281,681486.0455152392,182
20,8,5,876025.2525601543,54186.1316226281,681486.0455152392,182
20,8,15,876025.2525601543,54186.1316226281,681486.0455152392,182
,8,10,876025.2525601543,54186.1316226281,681486.0455152392,182
7,1,8,876988.2920858631,72480.6837121626,630113.2644992359,194
8,2,15,878614.6014159784,65858.35839971683,653003.3388561695,195
12,8,4,880933.8899849044,55292.53122524924,687647.4654535515,196
12,8,10,880933.8899849044,55292.53122524924,687647.4654535515,196
12,8,15,880933.8899849044,55292.53122524924,687647.4654535515,196
12,8,5,880933.8899849044,55292.53122524924,687647.4654535515,196
12,8,8,880933.8899849044,55292.53122524924,687647.4654535515,196
12,8,2,880933.8899849044,55292.53122524924,687647.4654535515,196
10,1,20,880988.5390169432,72802.40408697103,626545.9801202345,202
7,3,5,887823.5398484424,60339.19229025175,664951.6710426582,203
7,3,2,887823.5398484424,60339.19229025175,664951.6710426582,203
7,3,4,887823.5398484424,60339.19229025175,664951.6710426582,203
8,1,15,888797.9228981728,48738.3111266285,647756.7405139649,206
8,5,5,891077.9280157273,91264.32987577636,653011.4768947047,207
8,5,2,891077.9280157273,91264.32987577636,653011.4768947047,207
8,5,4,891077.9280157273,91264.32987577636,653011.4768947047,207
8,5,10,891077.9280157273,91264.32987577636,653011.4768947047,207
8,5,8,891077.9280157273,91264.32987577636,653011.4768947047,207
10,8,2,891713.2622725153,53408.38926172555,701600.0307551001,212
10,8,8,891713.2622725153,53408.38926172555,701600.0307551001,212
10,8,5,891713.2622725153,53408.38926172555,701600.0307551001,212
10,8,15,891713.2622725153,53408.38926172555,701600.0307551001,212
10,8,4,891713.2622725153,53408.38926172555,701600.0307551001,212
10,8,10,891713.2622725153,53408.38926172555,701600.0307551001,212
7,2,2,897260.7972804774,43181.988370693114,619917.004417831,218
7,2,4,897260.7972804774,43181.988370693114,619917.004417831,218
10,2,20,899762.9368515259,78259.10128952288,639641.8680120411,220
7,2,5,901338.767577507,53017.918360422715,627732.5978584251,221
7,2,8,901519.5008538347,70573.75422318374,655331.6944213671,222
10,3,20,903555.9056475246,60741.74717427157,657569.8183720289,223
7,1,10,905625.5777944758,75125.75146849545,669708.5476577304,224
7,3,8,908640.6421350997,78186.57826449466,670151.1700171984,225
7,3,10,911613.6550613923,79189.21034720319,695149.1381277594,226
7,2,10,912424.6078823945,73199.46923016262,683988.3971146721,227
9,8,8,912907.8060334411,55193.965923913944,717820.8199854506,228
9,8,5,912907.8060334411,55193.965923913944,717820.8199854506,228
9,8,15,912907.8060334411,55193.965923913944,717820.8199854506,228
9,8,10,912907.8060334411,55193.965923913944,717820.8199854506,228
9,8,2,912907.8060334411,55193.965923913944,717820.8199854506,228
9,8,4,912907.8060334411,55193.965923913944,717820.8199854506,228
9,1,20,913555.883812879,82296.9056738073,660968.7107417602,234
8,5,15,914452.8058354625,82539.07223217648,692173.1906944212,235
20,8,20,915844.2773038449,86781.07578961812,724994.9598034776,236
,8,20,915844.2773038449,86781.07578961812,724994.9598034776,236
15,8,20,915844.2773038449,86781.07578961812,724994.9598034776,236
9,3,20,916527.1302847645,65867.75192998929,682989.7771524347,239
12,8,20,921115.7146958516,85294.15466005476,730409.8683251722,240
9,2,20,921255.3250537055,78420.29344026164,671598.9614301892,241
6,1,2,921562.124236927,71623.45841262247,716601.805546947,242
12,5,20,922217.6157431451,70143.93050888034,683185.3688874196,243
,5,20,922601.9670892989,73937.82445221287,677277.5669786634,244
20,5,20,922601.9670892989,73937.82445221287,677277.5669786634,244
15,5,20,923380.9357361638,72763.06518842532,677709.2006420298,246
7,3,15,930773.2192678129,62757.49483251574,745251.0567344554,247
10,8,20,932722.524521752,82989.61728106606,742738.3190781835,248
7,2,15,934224.2951725522,58610.634985813165,736047.6824044648,249
6,1,4,934433.41136564,75765.43828099793,722888.9340948018,250
10,5,20,937734.0497890149,69331.97231325637,701830.0122453532,251
7,5,4,938756.6307635416,76749.72210522446,739912.2485857819,252
7,5,10,938756.6307635416,76749.72210522446,739912.2485857819,252
7,5,5,938756.6307635416,76749.72210522446,739912.2485857819,252
7,5,8,938756.6307635416,76749.72210522446,739912.2485857819,252
7,5,2,938756.6307635416,76749.72210522446,739912.2485857819,252
8,8,8,939072.4574084604,58968.493230657536,757848.3700068217,257
8,8,2,939072.4574084604,58968.493230657536,757848.3700068217,257
8,8,4,939072.4574084604,58968.493230657536,757848.3700068217,257
8,8,15,939072.4574084604,58968.493230657536,757848.3700068217,257
8,8,5,939072.4574084604,58968.493230657536,757848.3700068217,257
8,8,10,939072.4574084604,58968.493230657536,757848.3700068217,257
6,1,5,947901.5076802714,64393.11972798381,736707.002535396,263
8,1,20,948432.8629307477,87764.56122261091,722653.4326956839,264
9,8,20,953227.4848140462,80960.5374945932,757810.6678914204,265
8,3,20,954369.1646530147,76448.06478886846,735756.337160884,266
9,5,20,954719.1600123927,71884.44187888192,725423.577202622,267
6,1,8,955950.0142840747,63778.809229796105,761879.1531742455,268
7,1,15,957575.9389981783,48040.98138712573,734113.4241549954,269
8,2,20,959218.8025100168,83069.60238757693,732274.128366266,270
,10,20,959895.482566239,78604.86054077768,776038.7524678716,271
,10,15,959895.482566239,78604.86054077768,776038.7524678716,271
,10,10,959895.482566239,78604.86054077768,776038.7524678716,271
,10,8,959895.482566239,78604.86054077768,776038.7524678716,271
,10,5,959895.482566239,78604.86054077768,776038.7524678716,271
,10,4,959895.482566239,78604.86054077768,776038.7524678716,271
,10,2,959895.482566239,78604.86054077768,776038.7524678716,271
20,10,20,959895.482566239,78604.86054077768,776038.7524678716,271
20,10,15,959895.482566239,78604.86054077768,776038.7524678716,271
15,10,2,959895.482566239,78604.86054077768,776038.7524678716,271
20,10,10,959895.482566239,78604.86054077768,776038.7524678716,271
15,10,5,959895.482566239,78604.86054077768,776038.7524678716,271
15,10,15,959895.482566239,78604.86054077768,776038.7524678716,271
15,10,10,959895.482566239,78604.86054077768,776038.7524678716,271
15,10,8,959895.482566239,78604.86054077768,776038.7524678716,271
15,10,20,959895.482566239,78604.86054077768,776038.7524678716,271
15,10,4,959895.482566239,78604.86054077768,776038.7524678716,271
20,10,5,959895.482566239,78604.86054077768,776038.7524678716,271
20,10,4,959895.482566239,78604.86054077768,776038.7524678716,271
20,10,2,959895.482566239,78604.86054077768,776038.7524678716,271
20,10,8,959895.482566239,78604.86054077768,776038.7524678716,271
12,10,10,960426.762954341,79665.17622224889,778998.4253728936,292
12,10,8,960426.762954341,79665.17622224889,778998.4253728936,292
12,10,5,960426.762954341,79665.17622224889,778998.4253728936,292
12,10,4,960426.762954341,79665.17622224889,778998.4253728936,292
12,10,2,960426.762954341,79665.17622224889,778998.4253728936,292
12,10,15,960426.762954341,79665.17622224889,778998.4253728936,292
12,10,20,960426.762954341,79665.17622224889,778998.4253728936,292
7,5,15,961088.4477098789,67038.03201841988,774139.247079788,299
10,10,2,971501.460233828,75880.02467383067,789193.1473318513,300
10,10,20,971501.460233828,75880.02467383067,789193.1473318513,300
10,10,15,971501.460233828,75880.02467383067,789193.1473318513,300
10,10,4,971501.460233828,75880.02467383067,789193.1473318513,300
10,10,5,971501.460233828,75880.02467383067,789193.1473318513,300
10,10,8,971501.460233828,75880.02467383067,789193.1473318513,300
10,10,10,971501.460233828,75880.02467383067,789193.1473318513,300
6,1,10,975940.4079663001,84949.8735663338,790770.0442417451,307
6,2,4,978120.409886751,55519.87452663012,752131.4109934513,308
6,2,2,978120.409886751,55519.87452663012,752131.4109934513,308
8,8,20,980209.9516920606,77394.73588716952,796170.8227662923,310
6,2,5,980942.1915699191,51578.376168018156,757533.6380974117,311
6,3,4,982374.4266653095,59231.85006322104,786134.9732937458,312
6,3,5,982374.4266653095,59231.85006322104,786134.9732937458,312
6,3,2,982374.4266653095,59231.85006322104,786134.9732937458,312
9,10,5,984952.3296374656,79728.86834026812,802240.2128756515,315
9,10,2,984952.3296374656,79728.86834026812,802240.2128756515,315
9,10,4,984952.3296374656,79728.86834026812,802240.2128756515,315
9,10,20,984952.3296374656,79728.86834026812,802240.2128756515,315
9,10,10,984952.3296374656,79728.86834026812,802240.2128756515,315
9,10,8,984952.3296374656,79728.86834026812,802240.2128756515,315
9,10,15,984952.3296374656,79728.86834026812,802240.2128756515,315
6,3,8,988510.6474573888,66716.06171211782,789297.1020066172,322
6,2,8,988934.833729278,64285.03777604692,777990.84453777,323
7,8,4,992229.5115750829,44942.52703284875,831057.5421169513,324
7,8,10,992229.5115750829,44942.52703284875,831057.5421169513,324
7,8,2,992229.5115750829,44942.52703284875,831057.5421169513,324
7,8,5,992229.5115750829,44942.52703284875,831057.5421169513,324
7,8,8,992229.5115750829,44942.52703284875,831057.5421169513,324
7,8,15,992229.5115750829,44942.52703284875,831057.5421169513,324
6,3,10,992908.7497676198,77656.90490164241,808988.6379114577,330
6,2,10,993881.9105798202,75165.13015246,800820.6942332753,331
8,5,20,995011.7567072473,76320.11111204259,767833.5260950474,332
12,15,2,1000727.9619335899,89798.79429651593,888166.2426348284,333
12,15,8,1000727.9619335899,89798.79429651593,888166.2426348284,333
12,15,5,1000727.9619335899,89798.79429651593,888166.2426348284,333
12,15,20,1000727.9619335899,89798.79429651593,888166.2426348284,333
12,15,15,1000727.9619335899,89798.79429651593,888166.2426348284,333
12,15,10,1000727.9619335899,89798.79429651593,888166.2426348284,333
12,15,4,1000727.9619335899,89798.79429651593,888166.2426348284,333
,15,4,1000771.9598627945,89785.96991283447,887790.167663078,340
,15,8,1000771.9598627945,89785.96991283447,887790.167663078,340
,15,5,1000771.9598627945,89785.96991283447,887790.167663078,340
20,15,20,1000771.9598627945,89785.96991283447,887790.167663078,340
,15,10,1000771.9598627945,89785.96991283447,887790.167663078,340
20,15,10,1000771.9598627945,89785.96991283447,887790.167663078,340
20,15,8,1000771.9598627945,89785.96991283447,887790.167663078,340
20,15,5,1000771.9598627945,89785.96991283447,887790.167663078,340
15,15,15,1000771.9598627945,89785.96991283447,887790.167663078,340
15,15,5,1000771.9598627945,89785.96991283447,887790.167663078,340
15,15,8,1000771.9598627945,89785.96991283447,887790.167663078,340
15,15,10,1000771.9598627945,89785.96991283447,887790.167663078,340
20,15,15,1000771.9598627945,89785.96991283447,887790.167663078,340
,15,2,1000771.9598627945,89785.96991283447,887790.167663078,340
,15,15,1000771.9598627945,89785.96991283447,887790.167663078,340
15,15,4,1000771.9598627945,89785.96991283447,887790.167663078,340
15,15,2,1000771.9598627945,89785.96991283447,887790.167663078,340
15,15,20,1000771.9598627945,89785.96991283447,887790.167663078,340
,15,20,1000771.9598627945,89785.96991283447,887790.167663078,340
20,15,2,1000771.9598627945,89785.96991283447,887790.167663078,340
20,15,4,1000771.9598627945,89785.96991283447,887790.167663078,340
10,15,20,1002735.6961451501,87808.07921679683,892428.1066960671,361
10,15,4,1002735.6961451501,87808.07921679683,892428.1066960671,361
10,15,15,1002735.6961451501,87808.07921679683,892428.1066960671,361
10,15,8,1002735.6961451501,87808.07921679683,892428.1066960671,361
10,15,10,1002735.6961451501,87808.07921679683,892428.1066960671,361
10,15,2,1002735.6961451501,87808.07921679683,892428.1066960671,361
10,15,5,1002735.6961451501,87808.07921679683,892428.1066960671,361
8,10,8,1008449.0582914762,68429.85290635448,837875.1077333891,368
8,10,4,1008449.0582914762,68429.85290635448,837875.1077333891,368
8,10,2,1008449.0582914762,68429.85290635448,837875.1077333891,368
8,10,5,1008449.0582914762,68429.85290635448,837875.1077333891,368
8,10,20,1008449.0582914762,68429.85290635448,837875.1077333891,368
8,10,10,1008449.0582914762,68429.85290635448,837875.1077333891,368
8,10,15,1008449.0582914762,68429.85290635448,837875.1077333891,368
9,15,10,1009322.1069558894,84047.01913185167,900817.9812218419,375
9,15,15,1009322.1069558894,84047.01913185167,900817.9812218419,375
9,15,5,1009322.1069558894,84047.01913185167,900817.9812218419,375
9,15,8,1009322.1069558894,84047.01913185167,900817.9812218419,375
9,15,4,1009322.1069558894,84047.01913185167,900817.9812218419,375
9,15,20,1009322.1069558894,84047.01913185167,900817.9812218419,375
9,15,2,1009322.1069558894,84047.01913185167,900817.9812218419,375
7,1,20,1011302.492624308,73929.76503218664,803824.0762711534,382
7,3,20,1013296.738304769,69948.65838441637,817505.2815114509,383
7,2,20,1016549.7944075282,72059.5586874183,811156.6926600083,384
6,3,15,1017750.2609104924,59520.17035536077,854181.746611064,385
6,2,15,1019312.471699119,57960.09789574703,847070.5715561723,386
6,5,2,1022314.5502850146,66377.7390743155,841654.6220880762,387
6,5,5,1022314.5502850146,66377.7390743155,841654.6220880762,387
6,5,10,1022314.5502850146,66377.7390743155,841654.6220880762,387
6,5,4,1022314.5502850146,66377.7390743155,841654.6220880762,387
6,5,8,1022314.5502850146,66377.7390743155,841654.6220880762,387
8,15,10,1022687.748849251,74151.28672976597,912298.8340807274,392
8,15,15,1022687.748849251,74151.28672976597,912298.8340807274,392
8,15,4,1022687.748849251,74151.28672976597,912298.8340807274,392
8,15,8,1022687.748849251,74151.28672976597,912298.8340807274,392
8,15,2,1022687.748849251,74151.28672976597,912298.8340807274,392
8,15,5,1022687.748849251,74151.28672976597,912298.8340807274,392
8,15,20,1022687.748849251,74151.28672976597,912298.8340807274,392
7,8,20,1035070.6314727787,59137.08610211958,866192.5345022822,399
6,1,15,1039693.3834698942,45157.639390692224,848846.3908187104,400
6,5,15,1039758.1805683726,47342.25944588987,873448.3524569923,401
7,5,20,1044729.0274691485,63819.9985881395,842723.2739273671,402
7,10,5,1046081.2198775917,57223.77715113825,892121.8977599752,403
7,10,8,1046081.2198775917,57223.77715113825,892121.8977599752,403
7,10,4,1046081.2198775917,57223.77715113825,892121.8977599752,403
7,10,2,1046081.2198775917,57223.77715113825,892121.8977599752,403
7,10,10,1046081.2198775917,57223.77715113825,892121.8977599752,403
7,10,15,1046081.2198775917,57223.77715113825,892121.8977599752,403
7,10,20,1046081.2198775917,57223.77715113825,892121.8977599752,403
7,15,5,1052504.3246728797,63028.09065895011,951397.2385844371,410
7,15,10,1052504.3246728797,63028.09065895011,951397.2385844371,410
7,15,8,1052504.3246728797,63028.09065895011,951397.2385844371,410
7,15,4,1052504.3246728797,63028.09065895011,951397.2385844371,410
7,15,15,1052504.3246728797,63028.09065895011,951397.2385844371,410
7,15,20,1052504.3246728797,63028.09065895011,951397.2385844371,410
7,15,2,1052504.3246728797,63028.09065895011,951397.2385844371,410
6,8,15,1053931.1213399263,32236.240466146148,909531.2865661287,417
6,8,10,1053931.1213399263,32236.240466146148,909531.2865661287,417
6,8,8,1053931.1213399263,32236.240466146148,909531.2865661287,417
6,8,5,1053931.1213399263,32236.240466146148,909531.2865661287,417
6,8,4,1053931.1213399263,32236.240466146148,909531.2865661287,417
6,8,2,1053931.1213399263,32236.240466146148,909531.2865661287,417
10,20,10,1062129.077551998,70842.9954520986,978545.8893454082,423
10,20,4,1062129.077551998,70842.9954520986,978545.8893454082,423
10,20,5,1062129.077551998,70842.9954520986,978545.8893454082,423
10,20,15,1062129.077551998,70842.9954520986,978545.8893454082,423
10,20,2,1062129.077551998,70842.9954520986,978545.8893454082,423
10,20,8,1062129.077551998,70842.9954520986,978545.8893454082,423
10,20,20,1062129.077551998,70842.9954520986,978545.8893454082,423
12,20,2,1062539.869631206,70990.06006451456,978608.2037018439,430
12,20,10,1062539.869631206,70990.06006451456,978608.2037018439,430
12,20,5,1062539.869631206,70990.06006451456,978608.2037018439,430
12,20,4,1062539.869631206,70990.06006451456,978608.2037018439,430
12,20,15,1062539.869631206,70990.06006451456,978608.2037018439,430
12,20,8,1062539.869631206,70990.06006451456,978608.2037018439,430
12,20,20,1062539.869631206,70990.06006451456,978608.2037018439,430
20,20,20,1062539.869631206,70990.06006451456,978608.2037018439,430
20,20,8,1062539.869631206,70990.06006451456,978608.2037018439,430
15,20,15,1062539.869631206,70990.06006451456,978608.2037018439,430
15,20,20,1062539.869631206,70990.06006451456,978608.2037018439,430
15,20,10,1062539.869631206,70990.06006451456,978608.2037018439,430
15,20,2,1062539.869631206,70990.06006451456,978608.2037018439,430
15,20,4,1062539.869631206,70990.06006451456,978608.2037018439,430
15,20,5,1062539.869631206,70990.06006451456,978608.2037018439,430
15,20,8,1062539.869631206,70990.06006451456,978608.2037018439,430
20,20,15,1062539.869631206,70990.06006451456,978608.2037018439,430
20,20,10,1062539.869631206,70990.06006451456,978608.2037018439,430
,20,15,1062539.869631206,70990.06006451456,978608.2037018439,430
,20,10,1062539.869631206,70990.06006451456,978608.2037018439,430
,20,8,1062539.869631206,70990.06006451456,978608.2037018439,430
20,20,2,1062539.869631206,70990.06006451456,978608.2037018439,430
,20,2,1062539.869631206,70990.06006451456,978608.2037018439,430
,20,5,1062539.869631206,70990.06006451456,978608.2037018439,430
,20,4,1062539.869631206,70990.06006451456,978608.2037018439,430
,20,20,1062539.869631206,70990.06006451456,978608.2037018439,430
20,20,4,1062539.869631206,70990.06006451456,978608.2037018439,430
20,20,5,1062539.869631206,70990.06006451456,978608.2037018439,430
9,20,5,1064341.2185255114,68165.67629289409,979864.507502092,458
9,20,8,1064341.2185255114,68165.67629289409,979864.507502092,458
9,20,15,1064341.2185255114,68165.67629289409,979864.507502092,458
9,20,10,1064341.2185255114,68165.67629289409,979864.507502092,458
9,20,4,1064341.2185255114,68165.67629289409,979864.507502092,458
9,20,20,1064341.2185255114,68165.67629289409,979864.507502092,458
9,20,2,1064341.2185255114,68165.67629289409,979864.507502092,458
8,20,10,1069679.559381246,67081.8162695172,984728.8540684705,465
8,20,2,1069679.559381246,67081.8162695172,984728.8540684705,465
8,20,4,1069679.559381246,67081.8162695172,984728.8540684705,465
8,20,5,1069679.559381246,67081.8162695172,984728.8540684705,465
8,20,8,1069679.559381246,67081.8162695172,984728.8540684705,465
8,20,20,1069679.559381246,67081.8162695172,984728.8540684705,465
8,20,15,1069679.559381246,67081.8162695172,984728.8540684705,465
7,20,8,1081782.8333975552,62172.0334625297,1006354.447778979,472
7,20,2,1081782.8333975552,62172.0334625297,1006354.447778979,472
7,20,15,1081782.8333975552,62172.0334625297,1006354.447778979,472
7,20,10,1081782.8333975552,62172.0334625297,1006354.447778979,472
7,20,4,1081782.8333975552,62172.0334625297,1006354.447778979,472
7,20,5,1081782.8333975552,62172.0334625297,1006354.447778979,472
7,20,20,1081782.8333975552,62172.0334625297,1006354.447778979,472
6,1,20,1093034.8125682995,73049.3540335576,917209.8378351973,479
5,1,2,1097824.8443515566,52920.34360037242,911984.1909939809,480
6,3,20,1098019.1684710295,75309.86332447187,924047.1652532846,481
6,8,20,1098069.3527676088,66806.74837344415,941037.6462648499,482
6,2,20,1099383.3594576758,71912.883867233,919790.7756769409,483
5,1,4,1100003.0621733386,52266.12792990142,912446.2371986015,484
6,10,20,1100318.8646118268,65366.0013045307,964781.4651842711,485
6,10,8,1100318.8646118268,65366.0013045307,964781.4651842711,485
6,10,10,1100318.8646118268,65366.0013045307,964781.4651842711,485
6,10,5,1100318.8646118268,65366.0013045307,964781.4651842711,485
6,10,4,1100318.8646118268,65366.0013045307,964781.4651842711,485
6,10,15,1100318.8646118268,65366.0013045307,964781.4651842711,485
6,10,2,1100318.8646118268,65366.0013045307,964781.4651842711,485
6,15,2,1104046.9622818427,72783.14750031146,1014379.3499832939,492
6,15,10,1104046.9622818427,72783.14750031146,1014379.3499832939,492
6,15,15,1104046.9622818427,72783.14750031146,1014379.3499832939,492
6,15,8,1104046.9622818427,72783.14750031146,1014379.3499832939,492
6,15,4,1104046.9622818427,72783.14750031146,1014379.3499832939,492
6,15,5,1104046.9622818427,72783.14750031146,1014379.3499832939,492
6,15,20,1104046.9622818427,72783.14750031146,1014379.3499832939,492
5,1,5,1105291.8410512267,45287.73942520227,915511.4187167533,499
5,1,8,1105441.2988541494,38443.920148977224,924967.8072127458,500
5,3,4,1113937.2023540447,40233.35634949032,942545.3123580221,501
5,3,5,1113937.2023540447,40233.35634949032,942545.3123580221,501
5,3,2,1113937.2023540447,40233.35634949032,942545.3123580221,501
6,5,20,1115775.6939768896,57011.16443000762,937301.5804368695,504
5,2,8,1115961.8009043545,41750.63542808556,935197.9275462078,505
5,3,8,1116643.4729811072,42428.74574576458,943227.1841166265,506
5,2,5,1117115.9734644678,31415.16052786994,928002.2651228225,507
5,2,4,1118279.3398011015,28259.439831851836,926368.6017564858,508
5,2,2,1118279.3398011015,28259.439831851836,926368.6017564858,508
5,1,10,1120461.808047926,57859.027301787406,947252.2249402327,510
5,2,10,1123955.3574028616,55787.57404574665,953760.0444721859,511
5,3,10,1123982.8569195012,55764.986246788714,959279.5768559005,512
6,20,2,1127248.768865703,55114.24720521079,1055273.4159139735,513
6,20,5,1127248.768865703,55114.24720521079,1055273.4159139735,513
6,20,10,1127248.768865703,55114.24720521079,1055273.4159139735,513
6,20,8,1127248.768865703,55114.24720521079,1055273.4159139735,513
6,20,20,1127248.768865703,55114.24720521079,1055273.4159139735,513
6,20,15,1127248.768865703,55114.24720521079,1055273.4159139735,513
6,20,4,1127248.768865703,55114.24720521079,1055273.4159139735,513
5,3,15,1135592.2332417488,37865.71065595983,997209.3423599234,520
5,2,15,1136059.78323006,38221.04700226313,992642.7802732385,521
5,5,8,1151580.632427149,65713.89846474846,984781.3949812911,522
5,5,4,1151580.632427149,65713.89846474846,984781.3949812911,522
5,5,10,1151580.632427149,65713.89846474846,984781.3949812911,522
5,5,5,1151580.632427149,65713.89846474846,984781.3949812911,522
5,5,2,1151580.632427149,65713.89846474846,984781.3949812911,522
5,1,15,1162053.2682928517,40294.954605755775,994791.6165854413,527
5,5,15,1163655.755324054,47624.68491189804,1009228.1211099481,528
5,8,5,1170995.9468493252,25779.34585531503,1045109.8466618026,529
5,8,4,1170995.9468493252,25779.34585531503,1045109.8466618026,529
5,8,10,1170995.9468493252,25779.34585531503,1045109.8466618026,529
5,8,15,1170995.9468493252,25779.34585531503,1045109.8466618026,529
5,8,2,1170995.9468493252,25779.34585531503,1045109.8466618026,529
5,8,8,1170995.9468493252,25779.34585531503,1045109.8466618026,529
4,2,5,1192847.619104977,40068.326548010766,1096663.1149879475,535
4,2,8,1192847.619104977,40068.326548010766,1096663.1149879475,535
4,2,4,1192847.619104977,40068.326548010766,1096663.1149879475,535
4,2,2,1192847.619104977,40068.326548010766,1096663.1149879475,535
4,3,4,1193497.9321315275,39444.486922681586,1101594.7865409062,539
4,3,8,1193497.9321315275,39444.486922681586,1101594.7865409062,539
4,3,5,1193497.9321315275,39444.486922681586,1101594.7865409062,539
4,3,2,1193497.9321315275,39444.486922681586,1101594.7865409062,539
5,1,20,1206277.1969993005,69680.74176870771,1046804.4550389571,543
5,3,20,1206545.620608349,69496.56266767804,1053578.937917721,544
5,2,20,1207013.17059666,69177.83345641717,1049012.3758310364,545
5,15,8,1208463.4611508264,80953.86698868901,1127514.8476578402,546
5,15,10,1208463.4611508264,80953.86698868901,1127514.8476578402,546
5,15,15,1208463.4611508264,80953.86698868901,1127514.8476578402,546
5,15,20,1208463.4611508264,80953.86698868901,1127514.8476578402,546
5,15,4,1208463.4611508264,80953.86698868901,1127514.8476578402,546
5,15,5,1208463.4611508264,80953.86698868901,1127514.8476578402,546
5,15,2,1208463.4611508264,80953.86698868901,1127514.8476578402,546
5,8,20,1209788.5931418184,73708.97111667696,1071758.2491181474,553
4,3,10,1212164.5987981942,59147.16406256125,1116956.1726795197,554
4,2,10,1212168.4583317568,59147.917339450425,1113946.354026137,555
5,10,8,1214349.9642123498,70934.2283392698,1099180.6386333765,556
5,10,20,1214349.9642123498,70934.2283392698,1099180.6386333765,556
5,10,4,1214349.9642123498,70934.2283392698,1099180.6386333765,556
5,10,2,1214349.9642123498,70934.2283392698,1099180.6386333765,556
5,10,5,1214349.9642123498,70934.2283392698,1099180.6386333765,556
5,10,15,1214349.9642123498,70934.2283392698,1099180.6386333765,556
5,10,10,1214349.9642123498,70934.2283392698,1099180.6386333765,556
4,5,4,1218206.7063873312,63880.86473343969,1122756.5143690943,563
4,5,5,1218206.7063873312,63880.86473343969,1122756.5143690943,563
4,5,10,1218206.7063873312,63880.86473343969,1122756.5143690943,563
4,5,2,1218206.7063873312,63880.86473343969,1122756.5143690943,563
4,5,8,1218206.7063873312,63880.86473343969,1122756.5143690943,563
4,1,2,1219198.8586932211,35184.23773826699,1103927.44409943,568
4,1,4,1219198.8586932211,35184.23773826699,1103927.44409943,568
4,1,5,1219198.8586932211,35184.23773826699,1103927.44409943,568
4,1,8,1219198.8586932211,35184.23773826699,1103927.44409943,568
5,20,2,1222616.4284052823,59036.87215162188,1162452.952749154,572
5,20,5,1222616.4284052823,59036.87215162188,1162452.952749154,572
5,20,15,1222616.4284052823,59036.87215162188,1162452.952749154,572
5,20,20,1222616.4284052823,59036.87215162188,1162452.952749154,572
5,20,10,1222616.4284052823,59036.87215162188,1162452.952749154,572
5,20,8,1222616.4284052823,59036.87215162188,1162452.952749154,572
5,20,4,1222616.4284052823,59036.87215162188,1162452.952749154,572
4,3,15,1223118.394177732,51512.57362137835,1138750.6092660357,579
4,2,15,1223122.2537112946,51512.54118728401,1135740.790612653,580
4,5,15,1225943.161282821,51587.85481341797,1140192.8651470295,581
5,5,20,1230423.6491412998,65542.50898458701,1064282.2726233415,582
4,1,10,1238519.697920001,54202.52750492898,1121210.6831376194,583
4,1,15,1249678.1137615852,38793.0027599044,1139444.0636185247,584
4,8,4,1254095.2789945921,37275.315201461504,1166284.7292441535,585
4,8,8,1254095.2789945921,37275.315201461504,1166284.7292441535,585
4,8,15,1254095.2789945921,37275.315201461504,1166284.7292441535,585
4,8,10,1254095.2789945921,37275.315201461504,1166284.7292441535,585
4,8,2,1254095.2789945921,37275.315201461504,1166284.7292441535,585
4,8,5,1254095.2789945921,37275.315201461504,1166284.7292441535,585
4,20,4,1284444.6306229024,69811.17047515852,1247453.4521635491,591
4,20,2,1284444.6306229024,69811.17047515852,1247453.4521635491,591
4,20,5,1284444.6306229024,69811.17047515852,1247453.4521635491,591
4,20,20,1284444.6306229024,69811.17047515852,1247453.4521635491,591
4,20,8,1284444.6306229024,69811.17047515852,1247453.4521635491,591
4,20,10,1284444.6306229024,69811.17047515852,1247453.4521635491,591
4,20,15,1284444.6306229024,69811.17047515852,1247453.4521635491,591
4,15,2,1287464.5193475902,92534.61519586781,1221248.885034073,598
4,15,20,1287464.5193475902,92534.61519586781,1221248.885034073,598
4,15,4,1287464.5193475902,92534.61519586781,1221248.885034073,598
4,15,5,1287464.5193475902,92534.61519586781,1221248.885034073,598
4,15,15,1287464.5193475902,92534.61519586781,1221248.885034073,598
4,15,10,1287464.5193475902,92534.61519586781,1221248.885034073,598
4,15,8,1287464.5193475902,92534.61519586781,1221248.885034073,598
4,1,20,1293285.2932931166,80677.90041538634,1189503.4750329081,605
4,5,20,1293435.0650010568,80545.69576111223,1193467.2694892767,606
4,3,20,1293455.032369415,80528.13818798774,1193166.777784701,607
4,2,20,1293458.8919029776,80524.74629122285,1190156.959131318,608
4,8,20,1294123.4863431908,79949.64474699441,1192664.9798853165,609
4,10,10,1296595.721066663,78031.63592434781,1210548.5682441522,610
4,10,15,1296595.721066663,78031.63592434781,1210548.5682441522,610
4,10,20,1296595.721066663,78031.63592434781,1210548.5682441522,610
4,10,8,1296595.721066663,78031.63592434781,1210548.5682441522,610
4,10,2,1296595.721066663,78031.63592434781,1210548.5682441522,610
4,10,4,1296595.721066663,78031.63592434781,1210548.5682441522,610
4,10,5,1296595.721066663,78031.63592434781,1210548.5682441522,610
